yearly_agency_id,agency_id,data_year,ori,legacy_ori,covered_by_legacy_ori,direct_contributor_flag,dormant_flag,dormant_year,reporting_type,ucr_agency_name,ncic_agency_name,pub_agency_name,pub_agency_unit,agency_status,state_id,state_name,state_abbr,state_postal_abbr,division_code,division_name,region_code,region_name,region_desc,agency_type_name,population,submitting_agency_id,sai,submitting_agency_name,suburban_area_flag,population_group_id,population_group_code,population_group_desc,parent_pop_group_code,parent_pop_group_desc,mip_flag,pop_sort_order,summary_rape_def,pe_reported_flag,male_officer,male_civilian,male_officer+male_civilian,female_officer,female_civilian,female_officer+female_civilian,officer_rate,employee_rate,nibrs_cert_date,nibrs_start_date,nibrs_leoka_start_date,nibrs_ct_start_date,nibrs_multi_bias_start_date,nibrs_off_eth_start_date,covered_flag,county_name,msa_name,publishable_flag,participated,nibrs_participated
21202024,2120,2024,CT0000200,CT0000200,,N,N,,I,ANSONIA,ANSONIA PD,Ansonia,,A,8,Connecticut,CT,CT,1,New England,1,Northeast,Region I,City,19049,23359,CTUCR0001,Connecticut State Police Crimes Analysis Unit,Y,9,5,"Cities from 10,000 thru 24,999",5,"Cities from 10,000 thru 24,999",N,9,,Y,36,1,37,7,8,15,2.3,2.7,1998-01-01,2001-03-01,2020-11-01,2020-02-01,2020-11-01,2020-11-01,N,NAUGATUCK VALLEY PLANNING REGION,"Waterbury-Shelton, CT",Y,Y,Y
21212024,2121,2024,CT0000400,CT0000400,,N,N,,I,AVON,AVON PD,Avon,,A,8,Connecticut,CT,CT,1,New England,1,Northeast,Region I,City,18886,23359,CTUCR0001,Connecticut State Police Crimes Analysis Unit,Y,9,5,"Cities from 10,000 thru 24,999",5,"Cities from 10,000 thru 24,999",N,9,,Y,31,5,36,5,3,8,1.9,2.3,1998-01-01,2010-02-01,2020-11-01,2020-02-01,2020-11-01,2020-11-01,N,CAPITOL PLANNING REGION,"Hartford-West Hartford-East Hartford, CT",Y,Y,Y
21232024,2123,2024,CT0000700,CT0000700,,N,N,,I,BERLIN,BERLIN PD,Berlin,,A,8,Connecticut,CT,CT,1,New England,1,Northeast,Region I,City,20529,23359,CTUCR0001,Connecticut State Police Crimes Analysis Unit,Y,9,5,"Cities from 10,000 thru 24,999",5,"Cities from 10,000 thru 24,999",N,9,,Y,37,5,42,8,8,16,2.2,2.8,1998-01-01,2000-02-01,2020-03-01,2020-03-01,2020-03-01,2020-03-01,N,CAPITOL PLANNING REGION,"Hartford-West Hartford-East Hartford, CT",Y,Y,Y
21242024,2124,2024,CT0000900,CT0000900,,N,N,,I,BETHEL,BETHEL PD,Bethel,,A,8,Connecticut,CT,CT,1,New England,1,Northeast,Region I,City,20799,23359,CTUCR0001,Connecticut State Police Crimes Analysis Unit,Y,9,5,"Cities from 10,000 thru 24,999",5,"Cities from 10,000 thru 24,999",N,9,,Y,31,5,36,10,8,18,2.0,2.6,1998-01-01,1998-08-01,2020-03-01,2020-03-01,2020-03-01,2020-03-01,N,WESTERN CONNECTICUT PLANNING REGION,"Bridgeport-Stamford-Danbury, CT",Y,Y,Y
21252024,2125,2024,CT0001100,CT0001100,,N,N,,I,BLOOMFIELD,BLOOMFIELD PD,Bloomfield,,A,8,Connecticut,CT,CT,1,New England,1,Northeast,Region I,City,22032,23359,CTUCR0001,Connecticut State Police Crimes Analysis Unit,Y,9,5,"Cities from 10,000 thru 24,999",5,"Cities from 10,000 thru 24,999",N,9,,Y,36,1,37,8,11,19,2.0,2.5,1998-01-01,2005-10-01,2020-03-01,2020-03-01,2020-03-01,2020-03-01,N,CAPITOL PLANNING REGION,"Hartford-West Hartford-East Hartford, CT",Y,Y,Y
21262024,2126,2024,CT0001400,CT0001400,,N,N,,I,BRANFORD,BRANFORD PD,Branford,,A,8,Connecticut,CT,CT,1,New England,1,Northeast,Region I,City,28000,23359,CTUCR0001,Connecticut State Police Crimes Analysis Unit,Y,8,4,"Cities from 25,000 thru 49,999",4,"Cities from 25,000 thru 49,999",N,8,,Y,41,5,46,12,9,21,1.9,2.4,1998-01-01,1998-01-01,2020-03-01,2020-03-01,2020-03-01,2020-03-01,N,SOUTH CENTRAL CONNECTICUT PLANNING REGION,"New Haven, CT",Y,Y,Y
21272024,2127,2024,CT0001500,CT0001500,,N,N,,I,BRIDGEPORT,BRIDGEPORT PD,Bridgeport,,A,8,Connecticut,CT,CT,1,New England,1,Northeast,Region I,City,148132,23359,CTUCR0001,Connecticut State Police Crimes Analysis Unit,N,6,2,"Cities from 100,000 thru 249,999",2,"Cities from 100,000 thru 249,999",Y,6,,Y,238,32,270,46,41,87,1.9,2.4,1998-01-01,2018-06-01,2020-03-01,2020-03-01,2020-03-01,2020-03-01,N,GREATER BRIDGEPORT PLANNING REGION,"Bridgeport-Stamford-Danbury, CT",Y,Y,Y
21282024,2128,2024,CT0001700,CT0001700,,N,N,,I,BRISTOL,BRISTOL PD,Bristol,,A,8,Connecticut,CT,CT,1,New England,1,Northeast,Region I,City,61895,23359,CTUCR0001,Connecticut State Police Crimes Analysis Unit,N,7,3,"Cities from 50,000 thru 99,999",3,"Cities from 50,000 thru 99,999",N,7,,Y,107,11,118,11,13,24,1.9,2.3,1998-01-01,2011-01-01,2020-03-01,2020-03-01,2020-03-01,2020-03-01,N,NAUGATUCK VALLEY PLANNING REGION,"Waterbury-Shelton, CT",Y,Y,Y
21292024,2129,2024,CT0001800,CT0001800,,N,N,,I,BROOKFIELD,BROOKFIELD PD,Brookfield,,A,8,Connecticut,CT,CT,1,New England,1,Northeast,Region I,City,17496,23359,CTUCR0001,Connecticut State Police Crimes Analysis Unit,Y,9,5,"Cities from 10,000 thru 24,999",5,"Cities from 10,000 thru 24,999",N,9,,Y,33,6,39,4,5,9,2.1,2.7,1998-01-01,2006-08-01,2020-11-01,2020-03-01,2020-11-01,2020-11-01,N,WESTERN CONNECTICUT PLANNING REGION,"Bridgeport-Stamford-Danbury, CT",Y,Y,Y
21302024,2130,2024,CT0002300,CT0002300,,N,N,,I,CANTON,CANTON PD COLLINSVILLE,Canton,,A,8,Connecticut,CT,CT,1,New England,1,Northeast,Region I,City,10166,23359,CTUCR0001,Connecticut State Police Crimes Analysis Unit,Y,9,5,"Cities from 10,000 thru 24,999",5,"Cities from 10,000 thru 24,999",N,9,,Y,16,4,20,1,1,2,1.7,2.2,1998-01-01,2006-11-01,2020-12-01,2020-03-01,2020-12-01,2020-12-01,N,CAPITOL PLANNING REGION,"Hartford-West Hartford-East Hartford, CT",Y,Y,Y
21312024,2131,2024,CT0002500,CT0002500,,N,N,,I,CHESHIRE,CHESHIRE PD,Cheshire,,A,8,Connecticut,CT,CT,1,New England,1,Northeast,Region I,City,29399,23359,CTUCR0001,Connecticut State Police Crimes Analysis Unit,Y,8,4,"Cities from 25,000 thru 49,999",4,"Cities from 25,000 thru 49,999",N,8,,Y,42,8,50,4,5,9,1.6,2.0,1998-01-01,1998-04-01,2020-11-01,2020-03-01,2020-11-01,2020-11-01,N,NAUGATUCK VALLEY PLANNING REGION,"Waterbury-Shelton, CT",Y,Y,Y
21322024,2132,2024,CT0002700,CT0002700,,N,N,,I,CLINTON,CLINTON PD,Clinton,,A,8,Connecticut,CT,CT,1,New England,1,Northeast,Region I,City,13481,23359,CTUCR0001,Connecticut State Police Crimes Analysis Unit,Y,9,5,"Cities from 10,000 thru 24,999",5,"Cities from 10,000 thru 24,999",N,9,,Y,24,2,26,4,2,6,2.1,2.4,1998-01-01,2001-12-01,2020-03-01,2020-03-01,2020-03-01,2020-03-01,N,LOWER CONNECTICUT RIVER VALLEY PLANNING REGION,"Hartford-West Hartford-East Hartford, CT",Y,Y,Y
21332024,2133,2024,CT0003200,CT0003200,,N,N,,I,COVENTRY,COVENTRY PD,Coventry,,A,8,Connecticut,CT,CT,1,New England,1,Northeast,Region I,City,12338,23359,CTUCR0001,Connecticut State Police Crimes Analysis Unit,Y,9,5,"Cities from 10,000 thru 24,999",5,"Cities from 10,000 thru 24,999",N,9,,Y,13,2,15,3,3,6,1.3,1.7,1998-01-01,2003-04-01,2020-08-01,2020-03-01,2020-08-01,2020-08-01,N,CAPITOL PLANNING REGION,"Hartford-West Hartford-East Hartford, CT",Y,Y,Y
21342024,2134,2024,CT0003300,CT0003300,,N,N,,I,CROMWELL,CROMWELL PD,Cromwell,,A,8,Connecticut,CT,CT,1,New England,1,Northeast,Region I,City,14411,23359,CTUCR0001,Connecticut State Police Crimes Analysis Unit,Y,9,5,"Cities from 10,000 thru 24,999",5,"Cities from 10,000 thru 24,999",N,9,,Y,23,3,26,5,5,10,1.9,2.5,1998-01-01,1999-12-01,2020-11-01,2020-02-01,2020-11-01,2020-11-01,N,LOWER CONNECTICUT RIVER VALLEY PLANNING REGION,"Hartford-West Hartford-East Hartford, CT",Y,Y,Y
21352024,2135,2024,CT0003400,CT0003400,,N,N,,I,DANBURY,DANBURY PD,Danbury,,A,8,Connecticut,CT,CT,1,New England,1,Northeast,Region I,City,86257,23359,CTUCR0001,Connecticut State Police Crimes Analysis Unit,N,7,3,"Cities from 50,000 thru 99,999",3,"Cities from 50,000 thru 99,999",N,7,,Y,142,0,142,14,8,22,1.8,1.9,1998-01-01,2014-04-01,2020-03-01,2020-03-01,2020-03-01,2020-03-01,N,WESTERN CONNECTICUT PLANNING REGION,"Bridgeport-Stamford-Danbury, CT",Y,Y,Y
21362024,2136,2024,CT0003500,CT0003500,,N,N,,I,DARIEN,DARIEN PD,Darien,,A,8,Connecticut,CT,CT,1,New England,1,Northeast,Region I,City,22216,23359,CTUCR0001,Connecticut State Police Crimes Analysis Unit,Y,9,5,"Cities from 10,000 thru 24,999",5,"Cities from 10,000 thru 24,999",N,9,,Y,38,7,45,11,6,17,2.2,2.8,1998-01-01,2001-06-01,2022-02-01,2020-03-01,2022-02-01,2022-02-01,N,WESTERN CONNECTICUT PLANNING REGION,"Bridgeport-Stamford-Danbury, CT",Y,Y,Y
21372024,2137,2024,CT0003700,CT0003700,,N,N,,I,DERBY,DERBY PD,Derby,,A,8,Connecticut,CT,CT,1,New England,1,Northeast,Region I,City,12437,23359,CTUCR0001,Connecticut State Police Crimes Analysis Unit,Y,9,5,"Cities from 10,000 thru 24,999",5,"Cities from 10,000 thru 24,999",N,9,,Y,31,1,32,2,1,3,2.7,2.8,1998-01-01,1999-06-01,2020-02-01,2020-02-01,2020-02-01,2020-02-01,N,NAUGATUCK VALLEY PLANNING REGION,"Waterbury-Shelton, CT",Y,Y,Y
21382024,2138,2024,CT0004200,CT0004200,,N,N,,I,EAST HAMPTON,EAST HAMPTON PD,East Hampton,,A,8,Connecticut,CT,CT,1,New England,1,Northeast,Region I,City,13090,23359,CTUCR0001,Connecticut State Police Crimes Analysis Unit,Y,9,5,"Cities from 10,000 thru 24,999",5,"Cities from 10,000 thru 24,999",N,9,,Y,16,0,16,0,2,2,1.2,1.4,1998-01-01,2012-05-01,2020-03-01,2020-03-01,2020-03-01,2020-03-01,N,LOWER CONNECTICUT RIVER VALLEY PLANNING REGION,"Hartford-West Hartford-East Hartford, CT",Y,Y,Y
21392024,2139,2024,CT0004300,CT0004300,,N,N,,I,EAST HARTFORD,EAST HARTFORD PD,East Hartford,,A,8,Connecticut,CT,CT,1,New England,1,Northeast,Region I,City,50584,23359,CTUCR0001,Connecticut State Police Crimes Analysis Unit,N,7,3,"Cities from 50,000 thru 99,999",3,"Cities from 50,000 thru 99,999",N,7,,Y,101,12,113,20,24,44,2.4,3.1,1998-01-01,1999-12-01,2020-03-01,2020-03-01,2020-03-01,2020-03-01,N,CAPITOL PLANNING REGION,"Hartford-West Hartford-East Hartford, CT",Y,Y,Y
21402024,2140,2024,CT0004400,CT0004400,,N,N,,I,EAST HAVEN,EAST HAVEN PD,East Haven,,A,8,Connecticut,CT,CT,1,New England,1,Northeast,Region I,City,27447,23359,CTUCR0001,Connecticut State Police Crimes Analysis Unit,Y,8,4,"Cities from 25,000 thru 49,999",4,"Cities from 25,000 thru 49,999",N,8,,Y,56,8,64,5,7,12,2.2,2.8,1998-01-01,1998-01-01,2020-03-01,2020-03-01,2020-03-01,2020-03-01,N,SOUTH CENTRAL CONNECTICUT PLANNING REGION,"New Haven, CT",Y,Y,Y
21412024,2141,2024,CT0004500,CT0004500,,N,N,,I,EAST LYME,EAST LYME,East Lyme,,A,8,Connecticut,CT,CT,1,New England,1,Northeast,Region I,City,19094,23359,CTUCR0001,Connecticut State Police Crimes Analysis Unit,Y,9,5,"Cities from 10,000 thru 24,999",5,"Cities from 10,000 thru 24,999",N,9,,Y,25,4,29,5,7,12,1.6,2.1,1998-01-01,2017-07-01,2021-07-01,2020-03-01,2021-07-01,2021-07-01,N,SOUTHEASTERN CONNECTICUT PLANNING REGION,"Norwich-New London-Willimantic, CT",Y,Y,Y
21422024,2142,2024,CT0004600,CT0004600,,N,N,,I,EASTON,EASTON PD,Easton,,A,8,Connecticut,CT,CT,1,New England,1,Northeast,Region I,City,7652,23359,CTUCR0001,Connecticut State Police Crimes Analysis Unit,Y,10,6,"Cities from 2,500 thru 9,999",6,"Cities from 2,500 thru 9,999",N,10,,Y,14,1,15,1,4,5,2.0,2.6,1998-01-01,1999-07-01,2020-08-01,2020-03-01,2020-08-01,2020-08-01,N,GREATER BRIDGEPORT PLANNING REGION,"Bridgeport-Stamford-Danbury, CT",Y,Y,Y
21432024,2143,2024,CT0004700,CT0004700,,N,N,,I,EAST WINDSOR,EAST WINDSOR PD WAREHOUSE POINT,East Windsor,,A,8,Connecticut,CT,CT,1,New England,1,Northeast,Region I,City,11179,23359,CTUCR0001,Connecticut State Police Crimes Analysis Unit,Y,9,5,"Cities from 10,000 thru 24,999",5,"Cities from 10,000 thru 24,999",N,9,,Y,20,4,24,6,6,12,2.3,3.2,1998-01-01,1998-01-01,2020-03-01,2020-03-01,2020-03-01,2020-03-01,N,CAPITOL PLANNING REGION,"Hartford-West Hartford-East Hartford, CT",Y,Y,Y
21442024,2144,2024,CT0004900,CT0004900,,N,N,,I,ENFIELD,ENFIELD PD,Enfield,,A,8,Connecticut,CT,CT,1,New England,1,Northeast,Region I,City,40659,23359,CTUCR0001,Connecticut State Police Crimes Analysis Unit,Y,8,4,"Cities from 25,000 thru 49,999",4,"Cities from 25,000 thru 49,999",N,8,,Y,89,16,105,10,16,26,2.4,3.2,1998-01-01,2019-01-01,2020-02-01,2020-02-01,2020-02-01,2020-02-01,N,CAPITOL PLANNING REGION,"Hartford-West Hartford-East Hartford, CT",Y,Y,Y
21452024,2145,2024,CT0005100,CT0005100,,N,N,,I,FAIRFIELD,FAIRFIELD PD,Fairfield,,A,8,Connecticut,CT,CT,1,New England,1,Northeast,Region I,City,64098,23359,CTUCR0001,Connecticut State Police Crimes Analysis Unit,N,7,3,"Cities from 50,000 thru 99,999",3,"Cities from 50,000 thru 99,999",N,7,,Y,100,2,102,12,7,19,1.7,1.9,1998-01-01,2000-01-01,2020-11-01,2020-03-01,2020-11-01,2020-11-01,N,GREATER BRIDGEPORT PLANNING REGION,"Bridgeport-Stamford-Danbury, CT",Y,Y,Y
21462024,2146,2024,CT0005200,CT0005200,,N,N,,I,FARMINGTON,FARMINGTON PD,Farmington,,A,8,Connecticut,CT,CT,1,New England,1,Northeast,Region I,City,26852,23359,CTUCR0001,Connecticut State Police Crimes Analysis Unit,Y,8,4,"Cities from 25,000 thru 49,999",4,"Cities from 25,000 thru 49,999",N,8,,Y,39,10,49,5,7,12,1.6,2.3,1998-01-01,2002-07-01,2020-03-01,2020-03-01,2020-03-01,2020-03-01,N,CAPITOL PLANNING REGION,"Hartford-West Hartford-East Hartford, CT",Y,Y,Y
21472024,2147,2024,CT0005400,CT0005400,,N,N,,I,GLASTONBURY,GLASTONBURY PD,Glastonbury,,A,8,Connecticut,CT,CT,1,New England,1,Northeast,Region I,City,35249,23359,CTUCR0001,Connecticut State Police Crimes Analysis Unit,Y,8,4,"Cities from 25,000 thru 49,999",4,"Cities from 25,000 thru 49,999",N,8,,Y,50,7,57,8,7,15,1.6,2.0,1998-01-01,2000-01-01,2020-03-01,2020-03-01,2020-03-01,2020-03-01,N,CAPITOL PLANNING REGION,"Hartford-West Hartford-East Hartford, CT",Y,Y,Y
21482024,2148,2024,CT0005600,CT0005600,,N,N,,I,GRANBY,GRANBY PD,Granby,,A,8,Connecticut,CT,CT,1,New England,1,Northeast,Region I,City,11371,23359,CTUCR0001,Connecticut State Police Crimes Analysis Unit,Y,9,5,"Cities from 10,000 thru 24,999",5,"Cities from 10,000 thru 24,999",N,9,,Y,13,1,14,3,4,7,1.4,1.8,1998-01-01,1998-02-01,2021-01-01,2020-02-01,2021-01-01,2021-01-01,N,CAPITOL PLANNING REGION,"Hartford-West Hartford-East Hartford, CT",Y,Y,Y
21492024,2149,2024,CT0005700,CT0005700,,N,N,,I,GREENWICH,GREENWICH PD,Greenwich,,A,8,Connecticut,CT,CT,1,New England,1,Northeast,Region I,City,63651,23359,CTUCR0001,Connecticut State Police Crimes Analysis Unit,N,7,3,"Cities from 50,000 thru 99,999",3,"Cities from 50,000 thru 99,999",N,7,,Y,137,6,143,15,15,30,2.4,2.7,1998-01-01,1999-09-01,2020-03-01,2020-03-01,2020-03-01,2020-03-01,N,WESTERN CONNECTICUT PLANNING REGION,"Bridgeport-Stamford-Danbury, CT",Y,Y,Y
21512024,2151,2024,CT0005900,CT0005900,,N,N,,I,GROTON,GROTON CITY PD,Groton,,A,8,Connecticut,CT,CT,1,New England,1,Northeast,Region I,City,9282,23359,CTUCR0001,Connecticut State Police Crimes Analysis Unit,Y,10,6,"Cities from 2,500 thru 9,999",6,"Cities from 2,500 thru 9,999",N,10,,Y,25,1,26,4,6,10,3.1,3.9,1998-01-01,1998-02-01,2020-03-01,2020-03-01,2020-03-01,2020-03-01,N,SOUTHEASTERN CONNECTICUT PLANNING REGION,"Norwich-New London-Willimantic, CT",Y,Y,Y
21522024,2152,2024,CT0006000,CT0006000,,N,N,,I,GUILFORD,GUILFORD PD,Guilford,,A,8,Connecticut,CT,CT,1,New England,1,Northeast,Region I,City,22021,23359,CTUCR0001,Connecticut State Police Crimes Analysis Unit,Y,9,5,"Cities from 10,000 thru 24,999",5,"Cities from 10,000 thru 24,999",N,9,,Y,32,1,33,7,6,13,1.8,2.1,1998-01-01,2017-03-01,2020-03-01,2020-03-01,2020-03-01,2020-03-01,N,SOUTH CENTRAL CONNECTICUT PLANNING REGION,"New Haven, CT",Y,Y,Y
21532024,2153,2024,CT0006200,CT0006200,,N,N,,I,HAMDEN,HAMDEN PD,Hamden,,A,8,Connecticut,CT,CT,1,New England,1,Northeast,Region I,City,59908,23359,CTUCR0001,Connecticut State Police Crimes Analysis Unit,N,7,3,"Cities from 50,000 thru 99,999",3,"Cities from 50,000 thru 99,999",N,7,,Y,86,7,93,17,19,36,1.7,2.2,1998-01-01,2000-12-01,2020-02-01,2020-02-01,2020-02-01,2020-02-01,N,SOUTH CENTRAL CONNECTICUT PLANNING REGION,"New Haven, CT",Y,Y,Y
21542024,2154,2024,CT0006400,CT0006400,,N,N,,I,HARTFORD,HARTFORD PD,Hartford,,A,8,Connecticut,CT,CT,1,New England,1,Northeast,Region I,City,119626,23359,CTUCR0001,Connecticut State Police Crimes Analysis Unit,N,6,2,"Cities from 100,000 thru 249,999",2,"Cities from 100,000 thru 249,999",Y,6,,Y,308,10,318,55,16,71,3.0,3.3,1998-01-01,2020-12-01,2020-12-01,2020-12-01,2021-03-01,2021-03-01,N,CAPITOL PLANNING REGION,"Hartford-West Hartford-East Hartford, CT",Y,Y,Y
21572024,2157,2024,CT0007600,CT0007600,,N,N,,I,MADISON,MADISON PD,Madison,,A,8,Connecticut,CT,CT,1,New England,1,Northeast,Region I,City,17458,23359,CTUCR0001,Connecticut State Police Crimes Analysis Unit,Y,9,5,"Cities from 10,000 thru 24,999",5,"Cities from 10,000 thru 24,999",N,9,,Y,29,3,32,2,8,10,1.8,2.4,1998-01-01,1998-01-01,2020-03-01,2020-03-01,2020-03-01,2020-03-01,N,SOUTH CENTRAL CONNECTICUT PLANNING REGION,"New Haven, CT",Y,Y,Y
21582024,2158,2024,CT0007700,CT0007700,,N,N,,I,MANCHESTER,MANCHESTER PD,Manchester,,A,8,Connecticut,CT,CT,1,New England,1,Northeast,Region I,City,59378,23359,CTUCR0001,Connecticut State Police Crimes Analysis Unit,N,7,3,"Cities from 50,000 thru 99,999",3,"Cities from 50,000 thru 99,999",N,7,,Y,79,12,91,28,19,47,1.8,2.3,1998-01-01,2019-05-01,2020-03-01,2020-03-01,2020-03-01,2020-03-01,N,CAPITOL PLANNING REGION,"Hartford-West Hartford-East Hartford, CT",Y,Y,Y
21592024,2159,2024,CT0008000,CT0008000,,N,N,,I,MERIDEN,MERIDEN PD,Meriden,,A,8,Connecticut,CT,CT,1,New England,1,Northeast,Region I,City,59943,23359,CTUCR0001,Connecticut State Police Crimes Analysis Unit,N,7,3,"Cities from 50,000 thru 99,999",3,"Cities from 50,000 thru 99,999",N,7,,Y,104,4,108,20,8,28,2.1,2.3,1998-01-01,2021-01-01,2021-05-01,2021-05-01,2021-05-01,2021-05-01,N,SOUTH CENTRAL CONNECTICUT PLANNING REGION,"New Haven, CT",Y,Y,Y
21602024,2160,2024,CT0008100,CT0008100,,N,N,,I,MIDDLEBURY,MIDDLEBURY PD,Middlebury,,A,8,Connecticut,CT,CT,1,New England,1,Northeast,Region I,City,8057,23359,CTUCR0001,Connecticut State Police Crimes Analysis Unit,Y,10,6,"Cities from 2,500 thru 9,999",6,"Cities from 2,500 thru 9,999",N,10,,Y,12,1,13,0,1,1,1.5,1.7,1998-01-01,2012-04-01,2020-11-01,2020-11-01,2020-11-01,2020-11-01,N,NAUGATUCK VALLEY PLANNING REGION,"Waterbury-Shelton, CT",Y,Y,Y
21612024,2161,2024,CT0008300,CT0008300,,N,N,,I,MIDDLETOWN,MIDDLETOWN PD,Middletown,,A,8,Connecticut,CT,CT,1,New England,1,Northeast,Region I,City,48331,23359,CTUCR0001,Connecticut State Police Crimes Analysis Unit,N,8,4,"Cities from 25,000 thru 49,999",4,"Cities from 25,000 thru 49,999",N,8,,Y,107,7,114,9,16,25,2.4,2.9,1998-01-01,2008-03-01,2020-03-01,2020-03-01,2020-03-01,2020-03-01,N,LOWER CONNECTICUT RIVER VALLEY PLANNING REGION,"Hartford-West Hartford-East Hartford, CT",Y,Y,Y
21622024,2162,2024,CT0008400,CT0008400,,N,N,,I,MILFORD,MILFORD PD,Milford,,A,8,Connecticut,CT,CT,1,New England,1,Northeast,Region I,City,53065,23359,CTUCR0001,Connecticut State Police Crimes Analysis Unit,N,7,3,"Cities from 50,000 thru 99,999",3,"Cities from 50,000 thru 99,999",N,7,,Y,92,5,97,27,19,46,2.2,2.7,1998-01-01,2020-12-01,2021-01-01,2021-01-01,2021-01-01,2021-01-01,N,SOUTH CENTRAL CONNECTICUT PLANNING REGION,"New Haven, CT",Y,Y,Y
21632024,2163,2024,CT0008500,CT0008500,,N,N,,I,MONROE,MONROE PD,Monroe,,A,8,Connecticut,CT,CT,1,New England,1,Northeast,Region I,City,18852,23359,CTUCR0001,Connecticut State Police Crimes Analysis Unit,Y,9,5,"Cities from 10,000 thru 24,999",5,"Cities from 10,000 thru 24,999",N,9,,Y,37,5,42,5,4,9,2.2,2.7,1998-01-01,1998-01-01,2021-01-01,2020-03-01,2021-01-01,2021-01-01,N,GREATER BRIDGEPORT PLANNING REGION,"Bridgeport-Stamford-Danbury, CT",Y,Y,Y
21652024,2165,2024,CT0008800,CT0008800,,N,N,,I,NAUGATUCK,NAUGATUCK PD,Naugatuck,,A,8,Connecticut,CT,CT,1,New England,1,Northeast,Region I,City,31930,23359,CTUCR0001,Connecticut State Police Crimes Analysis Unit,Y,8,4,"Cities from 25,000 thru 49,999",4,"Cities from 25,000 thru 49,999",N,8,,Y,52,5,57,9,8,17,1.9,2.3,1998-01-01,1998-01-01,2020-03-01,2020-03-01,2020-03-01,2020-03-01,N,NAUGATUCK VALLEY PLANNING REGION,"Waterbury-Shelton, CT",Y,Y,Y
21662024,2166,2024,CT0008900,CT0008900,,N,N,,I,NEW BRITAIN,NEW BRITAIN PD,New Britain,,A,8,Connecticut,CT,CT,1,New England,1,Northeast,Region I,City,74528,23359,CTUCR0001,Connecticut State Police Crimes Analysis Unit,N,7,3,"Cities from 50,000 thru 99,999",3,"Cities from 50,000 thru 99,999",N,7,,Y,134,0,134,18,9,27,2.0,2.2,1998-01-01,2019-05-01,2020-03-01,2020-03-01,2020-03-01,2020-03-01,N,CAPITOL PLANNING REGION,"Hartford-West Hartford-East Hartford, CT",Y,Y,Y
21672024,2167,2024,CT0009000,CT0009000,,N,N,,I,NEW CANAAN,NEW CANAAN PD,New Canaan,,A,8,Connecticut,CT,CT,1,New England,1,Northeast,Region I,City,20973,23359,CTUCR0001,Connecticut State Police Crimes Analysis Unit,Y,9,5,"Cities from 10,000 thru 24,999",5,"Cities from 10,000 thru 24,999",N,9,,Y,42,0,42,8,4,12,2.4,2.6,1998-01-01,2003-06-01,2020-03-01,2020-03-01,2020-03-01,2020-03-01,N,WESTERN CONNECTICUT PLANNING REGION,"Bridgeport-Stamford-Danbury, CT",Y,Y,Y
21682024,2168,2024,CT0009300,CT0009300,,N,N,,I,NEW HAVEN,NEW HAVEN PD,New Haven,,A,8,Connecticut,CT,CT,1,New England,1,Northeast,Region I,City,137243,23359,CTUCR0001,Connecticut State Police Crimes Analysis Unit,N,6,2,"Cities from 100,000 thru 249,999",2,"Cities from 100,000 thru 249,999",Y,6,,Y,279,12,291,52,38,90,2.4,2.8,1998-01-01,1999-05-01,2020-02-01,2020-02-01,2020-02-01,2020-02-01,N,SOUTH CENTRAL CONNECTICUT PLANNING REGION,"New Haven, CT",Y,Y,Y
21692024,2169,2024,CT0009400,CT0009400,,N,N,,I,NEWINGTON,NEWINGTON PD,Newington,,A,8,Connecticut,CT,CT,1,New England,1,Northeast,Region I,City,31504,23359,CTUCR0001,Connecticut State Police Crimes Analysis Unit,Y,8,4,"Cities from 25,000 thru 49,999",4,"Cities from 25,000 thru 49,999",N,8,,Y,42,6,48,7,9,16,1.6,2.0,1998-01-01,2016-10-01,2020-03-01,2020-03-01,2020-03-01,2020-03-01,N,CAPITOL PLANNING REGION,"Hartford-West Hartford-East Hartford, CT",Y,Y,Y
21702024,2170,2024,CT0009500,CT0009500,,N,N,,I,NEW LONDON,NEW LONDON PD,New London,,A,8,Connecticut,CT,CT,1,New England,1,Northeast,Region I,City,27848,23359,CTUCR0001,Connecticut State Police Crimes Analysis Unit,N,8,4,"Cities from 25,000 thru 49,999",4,"Cities from 25,000 thru 49,999",N,8,,Y,58,3,61,8,13,21,2.4,2.9,1998-01-01,1998-01-01,2020-03-01,2020-02-01,2020-03-01,2020-03-01,N,SOUTHEASTERN CONNECTICUT PLANNING REGION,"Norwich-New London-Willimantic, CT",Y,Y,Y
21712024,2171,2024,CT0009600,CT0009600,,N,N,,I,NEW MILFORD,NEW MILFORD PD,New Milford,,A,8,Connecticut,CT,CT,1,New England,1,Northeast,Region I,City,28377,23359,CTUCR0001,Connecticut State Police Crimes Analysis Unit,Y,8,4,"Cities from 25,000 thru 49,999",4,"Cities from 25,000 thru 49,999",N,8,,Y,40,4,44,7,9,16,1.7,2.1,1998-01-01,2001-01-01,2021-03-01,2020-03-01,2021-03-01,2021-03-01,N,WESTERN CONNECTICUT PLANNING REGION,"Bridgeport-Stamford-Danbury, CT",Y,Y,Y
21722024,2172,2024,CT0009700,CT0009700,,N,N,,I,NEWTOWN,NEWTOWN PD,Newtown,,A,8,Connecticut,CT,CT,1,New England,1,Northeast,Region I,City,27890,23359,CTUCR0001,Connecticut State Police Crimes Analysis Unit,Y,8,4,"Cities from 25,000 thru 49,999",4,"Cities from 25,000 thru 49,999",N,8,,Y,37,3,40,7,10,17,1.6,2.0,1998-01-01,2003-04-01,2020-11-01,2020-03-01,2020-11-01,2020-11-01,N,WESTERN CONNECTICUT PLANNING REGION,"Bridgeport-Stamford-Danbury, CT",Y,Y,Y
21732024,2173,2024,CT0009900,CT0009900,,N,N,,I,NORTH BRANFORD,NORTH BRANFORD PD,North Branford,,A,8,Connecticut,CT,CT,1,New England,1,Northeast,Region I,City,13385,23359,CTUCR0001,Connecticut State Police Crimes Analysis Unit,Y,9,5,"Cities from 10,000 thru 24,999",5,"Cities from 10,000 thru 24,999",N,9,,Y,24,5,29,2,2,4,1.9,2.5,1998-01-01,1998-12-01,2021-01-01,2020-03-01,2021-01-01,2021-01-01,N,SOUTH CENTRAL CONNECTICUT PLANNING REGION,"New Haven, CT",Y,Y,Y
21742024,2174,2024,CT0010100,CT0010100,,N,N,,I,NORTH HAVEN,NORTH HAVEN PD,North Haven,,A,8,Connecticut,CT,CT,1,New England,1,Northeast,Region I,City,24340,23359,CTUCR0001,Connecticut State Police Crimes Analysis Unit,Y,9,5,"Cities from 10,000 thru 24,999",5,"Cities from 10,000 thru 24,999",N,9,,Y,49,2,51,7,9,16,2.3,2.8,1998-01-01,1998-01-01,2020-02-01,2020-02-01,2020-02-01,2020-02-01,N,SOUTH CENTRAL CONNECTICUT PLANNING REGION,"New Haven, CT",Y,Y,Y
21752024,2175,2024,CT0010300,CT0010300,,N,N,,I,NORWALK,NORWALK PD,Norwalk,,A,8,Connecticut,CT,CT,1,New England,1,Northeast,Region I,City,92987,23359,CTUCR0001,Connecticut State Police Crimes Analysis Unit,N,7,3,"Cities from 50,000 thru 99,999",3,"Cities from 50,000 thru 99,999",N,7,,Y,162,14,176,19,21,40,1.9,2.3,1998-01-01,1999-10-01,2020-03-01,2020-03-01,2020-03-01,2020-03-01,N,WESTERN CONNECTICUT PLANNING REGION,"Bridgeport-Stamford-Danbury, CT",Y,Y,Y
21762024,2176,2024,CT0010400,CT0010400,,N,N,,I,NORWICH,NORWICH PD,Norwich,,A,8,Connecticut,CT,CT,1,New England,1,Northeast,Region I,City,39832,23359,CTUCR0001,Connecticut State Police Crimes Analysis Unit,N,8,4,"Cities from 25,000 thru 49,999",4,"Cities from 25,000 thru 49,999",N,8,,Y,63,4,67,12,10,22,1.9,2.2,1998-01-01,2018-01-01,2020-03-01,2020-03-01,2020-03-01,2020-03-01,N,SOUTHEASTERN CONNECTICUT PLANNING REGION,"Norwich-New London-Willimantic, CT",Y,Y,Y
21772024,2177,2024,CT0010600,CT0010600,,N,N,,I,OLD SAYBROOK,OLD SAYBROOK PD,Old Saybrook,,A,8,Connecticut,CT,CT,1,New England,1,Northeast,Region I,City,10606,23359,CTUCR0001,Connecticut State Police Crimes Analysis Unit,Y,9,5,"Cities from 10,000 thru 24,999",5,"Cities from 10,000 thru 24,999",N,9,,Y,18,5,23,4,5,9,2.1,3.0,1998-01-01,2010-09-01,2022-01-01,2022-01-01,2022-01-01,2022-01-01,N,LOWER CONNECTICUT RIVER VALLEY PLANNING REGION,"Hartford-West Hartford-East Hartford, CT",Y,Y,Y
21782024,2178,2024,CT0010700,CT0010700,,N,N,,I,ORANGE,ORANGE PD,Orange,,A,8,Connecticut,CT,CT,1,New England,1,Northeast,Region I,City,14352,23359,CTUCR0001,Connecticut State Police Crimes Analysis Unit,Y,9,5,"Cities from 10,000 thru 24,999",5,"Cities from 10,000 thru 24,999",N,9,,Y,41,4,45,5,7,12,3.2,4.0,1998-01-01,1998-01-01,2020-08-01,2020-03-01,2020-08-01,2020-08-01,N,SOUTH CENTRAL CONNECTICUT PLANNING REGION,"New Haven, CT",Y,Y,Y
21792024,2179,2024,CT0010900,CT0010900,,N,N,,I,PLAINFIELD,PLAINFIELD PD,Plainfield,,A,8,Connecticut,CT,CT,1,New England,1,Northeast,Region I,City,15265,23359,CTUCR0001,Connecticut State Police Crimes Analysis Unit,N,9,5,"Cities from 10,000 thru 24,999",5,"Cities from 10,000 thru 24,999",N,9,,Y,19,2,21,2,3,5,1.4,1.7,1998-01-01,1998-01-01,2021-05-01,2020-03-01,2021-05-01,2021-05-01,N,NORTHEASTERN CONNECTICUT PLANNING REGION,Not Specified,Y,Y,Y
21802024,2180,2024,CT0011000,CT0011000,,N,N,,I,PLAINVILLE,PLAINVILLE PD,Plainville,,A,8,Connecticut,CT,CT,1,New England,1,Northeast,Region I,City,17504,23359,CTUCR0001,Connecticut State Police Crimes Analysis Unit,Y,9,5,"Cities from 10,000 thru 24,999",5,"Cities from 10,000 thru 24,999",N,9,,Y,37,4,41,3,8,11,2.3,3.0,1998-01-01,2018-10-01,2020-08-01,2020-03-01,2020-08-01,2020-08-01,N,CAPITOL PLANNING REGION,"Hartford-West Hartford-East Hartford, CT",Y,Y,Y
21812024,2181,2024,CT0011100,CT0011100,,N,N,,I,PLYMOUTH,PLYMOUTH PD TERRYVILLE,Plymouth,,A,8,Connecticut,CT,CT,1,New England,1,Northeast,Region I,City,11806,23359,CTUCR0001,Connecticut State Police Crimes Analysis Unit,Y,9,5,"Cities from 10,000 thru 24,999",5,"Cities from 10,000 thru 24,999",N,9,,Y,21,1,22,2,1,3,1.9,2.1,1998-01-01,2001-09-01,2020-08-01,2020-03-01,2020-08-01,2020-08-01,N,NAUGATUCK VALLEY PLANNING REGION,"Waterbury-Shelton, CT",Y,Y,Y
21822024,2182,2024,CT0011300,CT0011300,,N,N,,I,PORTLAND,PORTLAND POLICE DEPARTMENT,Portland,,A,8,Connecticut,CT,CT,1,New England,1,Northeast,Region I,City,9449,23359,CTUCR0001,Connecticut State Police Crimes Analysis Unit,Y,10,6,"Cities from 2,500 thru 9,999",6,"Cities from 2,500 thru 9,999",N,10,,Y,11,0,11,0,1,1,1.2,1.3,1998-01-01,2021-01-01,2021-03-01,2021-03-01,2021-03-01,2021-03-01,N,LOWER CONNECTICUT RIVER VALLEY PLANNING REGION,"Hartford-West Hartford-East Hartford, CT",Y,Y,Y
21842024,2184,2024,CT0011600,CT0011600,,N,N,,I,PUTNAM,PUTNAM PD,Putnam,,A,8,Connecticut,CT,CT,1,New England,1,Northeast,Region I,City,9345,23359,CTUCR0001,Connecticut State Police Crimes Analysis Unit,N,10,6,"Cities from 2,500 thru 9,999",6,"Cities from 2,500 thru 9,999",N,10,,Y,14,2,16,2,2,4,1.7,2.1,1998-01-01,1998-04-01,2021-03-01,2020-03-01,2021-03-01,2021-03-01,N,NORTHEASTERN CONNECTICUT PLANNING REGION,Not Specified,Y,Y,Y
21852024,2185,2024,CT0011700,CT0011700,,N,N,,I,REDDING,REDDING POLICE DEPARTMENT,Redding,,A,8,Connecticut,CT,CT,1,New England,1,Northeast,Region I,City,8716,23359,CTUCR0001,Connecticut State Police Crimes Analysis Unit,Y,10,6,"Cities from 2,500 thru 9,999",6,"Cities from 2,500 thru 9,999",N,10,,Y,11,6,17,3,2,5,1.6,2.5,1998-01-01,2002-07-01,2020-08-01,2020-03-01,2020-08-01,2020-08-01,N,WESTERN CONNECTICUT PLANNING REGION,"Bridgeport-Stamford-Danbury, CT",Y,Y,Y
21862024,2186,2024,CT0011800,CT0011800,,N,N,,I,RIDGEFIELD,RIDGEFIELD PD,Ridgefield,,A,8,Connecticut,CT,CT,1,New England,1,Northeast,Region I,City,24924,23359,CTUCR0001,Connecticut State Police Crimes Analysis Unit,Y,9,5,"Cities from 10,000 thru 24,999",5,"Cities from 10,000 thru 24,999",N,9,,Y,41,4,45,2,5,7,1.7,2.1,1998-01-01,2000-07-01,2020-11-01,2020-03-01,2020-11-01,2020-11-01,N,WESTERN CONNECTICUT PLANNING REGION,"Bridgeport-Stamford-Danbury, CT",Y,Y,Y
21872024,2187,2024,CT0011900,CT0011900,,N,N,,I,ROCKY HILL,ROCKY HILL PD,Rocky Hill,,A,8,Connecticut,CT,CT,1,New England,1,Northeast,Region I,City,20692,23359,CTUCR0001,Connecticut State Police Crimes Analysis Unit,Y,9,5,"Cities from 10,000 thru 24,999",5,"Cities from 10,000 thru 24,999",N,9,,Y,35,6,41,5,6,11,1.9,2.5,1998-01-01,2015-10-01,2020-12-01,2020-03-01,2020-12-01,2020-12-01,N,CAPITOL PLANNING REGION,"Hartford-West Hartford-East Hartford, CT",Y,Y,Y
21882024,2188,2024,CT0012400,CT0012400,,N,N,,I,SEYMOUR,SEYMOUR PD,Seymour,,A,8,Connecticut,CT,CT,1,New England,1,Northeast,Region I,City,17034,23359,CTUCR0001,Connecticut State Police Crimes Analysis Unit,Y,9,5,"Cities from 10,000 thru 24,999",5,"Cities from 10,000 thru 24,999",N,9,,Y,37,0,37,3,2,5,2.3,2.5,1998-01-01,2009-01-01,2020-02-01,2020-02-01,2020-02-01,2020-02-01,N,NAUGATUCK VALLEY PLANNING REGION,"Waterbury-Shelton, CT",Y,Y,Y
21892024,2189,2024,CT0012600,CT0012600,,N,N,,I,SHELTON,SHELTON PD,Shelton,,A,8,Connecticut,CT,CT,1,New England,1,Northeast,Region I,City,42616,23359,CTUCR0001,Connecticut State Police Crimes Analysis Unit,N,8,4,"Cities from 25,000 thru 49,999",4,"Cities from 25,000 thru 49,999",N,8,,Y,49,3,52,3,4,7,1.2,1.4,1998-01-01,2001-02-01,2020-03-01,2020-03-01,2020-03-01,2020-03-01,N,NAUGATUCK VALLEY PLANNING REGION,"Waterbury-Shelton, CT",Y,Y,Y
21902024,2190,2024,CT0012800,CT0012800,,N,N,,I,SIMSBURY,SIMSBURY PD,Simsbury,,A,8,Connecticut,CT,CT,1,New England,1,Northeast,Region I,City,25108,23359,CTUCR0001,Connecticut State Police Crimes Analysis Unit,Y,8,4,"Cities from 25,000 thru 49,999",4,"Cities from 25,000 thru 49,999",N,8,,Y,36,3,39,4,7,11,1.6,2.0,1998-01-01,2005-10-01,2020-02-01,2020-02-01,2020-02-01,2020-02-01,N,CAPITOL PLANNING REGION,"Hartford-West Hartford-East Hartford, CT",Y,Y,Y
21912024,2191,2024,CT0013100,CT0013100,,N,N,,I,SOUTHINGTON,SOUTHINGTON PD,Southington,,A,8,Connecticut,CT,CT,1,New England,1,Northeast,Region I,City,43849,23359,CTUCR0001,Connecticut State Police Crimes Analysis Unit,Y,8,4,"Cities from 25,000 thru 49,999",4,"Cities from 25,000 thru 49,999",N,8,,Y,65,10,75,8,10,18,1.7,2.1,1998-01-01,2001-12-01,2020-03-01,2020-03-01,2020-03-01,2020-03-01,N,CAPITOL PLANNING REGION,"Hartford-West Hartford-East Hartford, CT",Y,Y,Y
21922024,2192,2024,CT0013200,CT0013200,,N,N,,I,SOUTH WINDSOR,SOUTH WINDSOR PD,South Windsor,,A,8,Connecticut,CT,CT,1,New England,1,Northeast,Region I,City,26741,23359,CTUCR0001,Connecticut State Police Crimes Analysis Unit,Y,8,4,"Cities from 25,000 thru 49,999",4,"Cities from 25,000 thru 49,999",N,8,,Y,38,7,45,8,6,14,1.7,2.2,1998-01-01,2017-09-01,2017-09-01,2020-03-01,2020-03-01,2020-03-01,N,CAPITOL PLANNING REGION,"Hartford-West Hartford-East Hartford, CT",Y,Y,Y
21952024,2195,2024,CT0013500,CT0013500,,N,N,,I,STAMFORD,STAMFORD PD,Stamford,,A,8,Connecticut,CT,CT,1,New England,1,Northeast,Region I,City,136483,23359,CTUCR0001,Connecticut State Police Crimes Analysis Unit,N,6,2,"Cities from 100,000 thru 249,999",2,"Cities from 100,000 thru 249,999",Y,6,,Y,236,13,249,32,12,44,2.0,2.1,1998-01-01,2005-01-01,2020-03-01,2020-03-01,2020-03-01,2020-03-01,N,WESTERN CONNECTICUT PLANNING REGION,"Bridgeport-Stamford-Danbury, CT",Y,Y,Y
21962024,2196,2024,CT0013700,CT0013700,,N,N,,I,STONINGTON,STONINGTON PD,Stonington,,A,8,Connecticut,CT,CT,1,New England,1,Northeast,Region I,City,18469,23359,CTUCR0001,Connecticut State Police Crimes Analysis Unit,Y,9,5,"Cities from 10,000 thru 24,999",5,"Cities from 10,000 thru 24,999",N,9,,Y,33,4,37,5,11,16,2.1,2.9,1998-01-01,2002-10-01,2020-03-01,2020-03-01,2020-03-01,2020-03-01,N,SOUTHEASTERN CONNECTICUT PLANNING REGION,"Norwich-New London-Willimantic, CT",Y,Y,Y
21972024,2197,2024,CT0013800,CT0013800,,N,N,,I,STRATFORD,STRATFORD PD,Stratford,,A,8,Connecticut,CT,CT,1,New England,1,Northeast,Region I,City,52531,23359,CTUCR0001,Connecticut State Police Crimes Analysis Unit,N,7,3,"Cities from 50,000 thru 99,999",3,"Cities from 50,000 thru 99,999",N,7,,Y,87,0,87,18,4,22,2.0,2.1,1998-01-01,2008-01-01,2020-02-01,2020-02-01,2020-02-01,2020-02-01,N,GREATER BRIDGEPORT PLANNING REGION,"Bridgeport-Stamford-Danbury, CT",Y,Y,Y
21982024,2198,2024,CT0013900,CT0013900,,N,N,,I,SUFFIELD,SUFFIELD PD,Suffield,,A,8,Connecticut,CT,CT,1,New England,1,Northeast,Region I,City,15641,23359,CTUCR0001,Connecticut State Police Crimes Analysis Unit,Y,9,5,"Cities from 10,000 thru 24,999",5,"Cities from 10,000 thru 24,999",N,9,,Y,19,2,21,2,5,7,1.3,1.8,1998-01-01,2002-10-01,2020-11-01,2020-02-01,2020-11-01,2020-11-01,N,CAPITOL PLANNING REGION,"Hartford-West Hartford-East Hartford, CT",Y,Y,Y
21992024,2199,2024,CT0014000,CT0014000,,N,N,,I,THOMASTON,THOMASTON PD,Thomaston,,A,8,Connecticut,CT,CT,1,New England,1,Northeast,Region I,City,7523,23359,CTUCR0001,Connecticut State Police Crimes Analysis Unit,Y,10,6,"Cities from 2,500 thru 9,999",6,"Cities from 2,500 thru 9,999",N,10,,Y,15,3,18,0,0,0,2.0,2.4,1998-01-01,2003-01-01,2020-08-01,2020-02-01,2020-08-01,2020-08-01,N,NAUGATUCK VALLEY PLANNING REGION,"Waterbury-Shelton, CT",Y,Y,Y
22002024,2200,2024,CT0014300,CT0014300,,N,N,,I,TORRINGTON,TORRINGTON PD,Torrington,,A,8,Connecticut,CT,CT,1,New England,1,Northeast,Region I,City,35612,23359,CTUCR0001,Connecticut State Police Crimes Analysis Unit,N,8,4,"Cities from 25,000 thru 49,999",4,"Cities from 25,000 thru 49,999",N,8,,Y,63,2,65,7,9,16,2.0,2.3,1998-01-01,2007-01-01,2020-08-01,2020-03-01,2020-08-01,2020-08-01,N,NORTHWEST HILLS PLANNING REGION,Not Specified,Y,Y,Y
22012024,2201,2024,CT0014400,CT0014400,,N,N,,I,TRUMBULL,TRUMBULL PD,Trumbull,,A,8,Connecticut,CT,CT,1,New England,1,Northeast,Region I,City,37492,23359,CTUCR0001,Connecticut State Police Crimes Analysis Unit,Y,8,4,"Cities from 25,000 thru 49,999",4,"Cities from 25,000 thru 49,999",N,8,,Y,65,3,68,7,7,14,1.9,2.2,1998-01-01,1998-01-01,2020-03-01,2020-03-01,2020-03-01,2020-03-01,N,GREATER BRIDGEPORT PLANNING REGION,"Bridgeport-Stamford-Danbury, CT",Y,Y,Y
22022024,2202,2024,CT0014600,CT0014600,,N,N,,I,VERNON,VERNON PD,Vernon,,A,8,Connecticut,CT,CT,1,New England,1,Northeast,Region I,City,30738,23359,CTUCR0001,Connecticut State Police Crimes Analysis Unit,Y,8,4,"Cities from 25,000 thru 49,999",4,"Cities from 25,000 thru 49,999",N,8,,Y,43,5,48,4,9,13,1.5,2.0,1998-01-01,2002-08-01,2020-02-01,2020-02-01,2020-02-01,2020-02-01,N,CAPITOL PLANNING REGION,"Hartford-West Hartford-East Hartford, CT",Y,Y,Y
22032024,2203,2024,CT0014800,CT0014800,,N,N,,I,WALLINGFORD,WALLINGFORD PD,Wallingford,,A,8,Connecticut,CT,CT,1,New England,1,Northeast,Region I,City,43561,23359,CTUCR0001,Connecticut State Police Crimes Analysis Unit,Y,8,4,"Cities from 25,000 thru 49,999",4,"Cities from 25,000 thru 49,999",N,8,,Y,68,7,75,6,14,20,1.7,2.2,1998-01-01,1999-12-01,2020-03-01,2020-03-01,2020-03-01,2020-03-01,N,SOUTH CENTRAL CONNECTICUT PLANNING REGION,"New Haven, CT",Y,Y,Y
22042024,2204,2024,CT0015100,CT0015100,,N,N,,I,WATERBURY,WATERBURY PD,Waterbury,,A,8,Connecticut,CT,CT,1,New England,1,Northeast,Region I,City,115363,23359,CTUCR0001,Connecticut State Police Crimes Analysis Unit,N,6,2,"Cities from 100,000 thru 249,999",2,"Cities from 100,000 thru 249,999",Y,6,,Y,255,20,275,29,25,54,2.5,2.9,1998-01-01,2016-03-01,2020-12-01,2020-03-01,2020-12-01,2020-12-01,N,NAUGATUCK VALLEY PLANNING REGION,"Waterbury-Shelton, CT",Y,Y,Y
22052024,2205,2024,CT0015200,CT0015200,,N,N,,I,WATERFORD,WATERFORD PD,Waterford,,A,8,Connecticut,CT,CT,1,New England,1,Northeast,Region I,City,19913,23359,CTUCR0001,Connecticut State Police Crimes Analysis Unit,Y,9,5,"Cities from 10,000 thru 24,999",5,"Cities from 10,000 thru 24,999",N,9,,Y,43,1,44,7,5,12,2.5,2.8,1998-01-01,2000-01-01,2021-09-01,2020-03-01,2021-09-01,2021-09-01,N,SOUTHEASTERN CONNECTICUT PLANNING REGION,"Norwich-New London-Willimantic, CT",Y,Y,Y
22062024,2206,2024,CT0015300,CT0015300,,N,N,,I,WATERTOWN,WATERTOWN PD,Watertown,,A,8,Connecticut,CT,CT,1,New England,1,Northeast,Region I,City,22337,23359,CTUCR0001,Connecticut State Police Crimes Analysis Unit,Y,9,5,"Cities from 10,000 thru 24,999",5,"Cities from 10,000 thru 24,999",N,9,,Y,36,2,38,6,13,19,1.9,2.6,1998-01-01,2003-02-01,2005-02-01,2020-02-01,2020-03-01,2020-03-01,N,NAUGATUCK VALLEY PLANNING REGION,"Waterbury-Shelton, CT",Y,Y,Y
22072024,2207,2024,CT0015500,CT0015500,,N,N,,I,WEST HARTFORD,WEST HARTFORD PD,West Hartford,,A,8,Connecticut,CT,CT,1,New England,1,Northeast,Region I,City,64093,23359,CTUCR0001,Connecticut State Police Crimes Analysis Unit,N,7,3,"Cities from 50,000 thru 99,999",3,"Cities from 50,000 thru 99,999",N,7,,Y,111,4,115,18,17,35,2.0,2.3,1998-01-01,2007-07-01,2020-11-01,2020-03-01,2020-11-01,2020-11-01,N,CAPITOL PLANNING REGION,"Hartford-West Hartford-East Hartford, CT",Y,Y,Y
22082024,2208,2024,CT0015600,CT0015600,,N,N,,I,WEST HAVEN,WEST HAVEN PD,West Haven,,A,8,Connecticut,CT,CT,1,New England,1,Northeast,Region I,City,54598,23359,CTUCR0001,Connecticut State Police Crimes Analysis Unit,N,7,3,"Cities from 50,000 thru 99,999",3,"Cities from 50,000 thru 99,999",N,7,,Y,105,8,113,15,21,36,2.2,2.7,1998-01-01,2015-01-01,2020-11-01,2020-07-01,2020-11-01,2020-11-01,N,SOUTH CENTRAL CONNECTICUT PLANNING REGION,"New Haven, CT",Y,Y,Y
22092024,2209,2024,CT0015700,CT0015700,,N,N,,I,WESTON,WESTON PD,Weston,,A,8,Connecticut,CT,CT,1,New England,1,Northeast,Region I,City,10353,23359,CTUCR0001,Connecticut State Police Crimes Analysis Unit,Y,9,5,"Cities from 10,000 thru 24,999",5,"Cities from 10,000 thru 24,999",N,9,,Y,18,0,18,0,1,1,1.7,1.8,1998-01-01,2003-08-01,2020-08-01,2020-03-01,2020-08-01,2020-08-01,N,WESTERN CONNECTICUT PLANNING REGION,"Bridgeport-Stamford-Danbury, CT",Y,Y,Y
22102024,2210,2024,CT0015800,CT0015800,,N,N,,I,WESTPORT,WESTPORT PD,Westport,,A,8,Connecticut,CT,CT,1,New England,1,Northeast,Region I,City,27606,23359,CTUCR0001,Connecticut State Police Crimes Analysis Unit,Y,8,4,"Cities from 25,000 thru 49,999",4,"Cities from 25,000 thru 49,999",N,8,,Y,58,3,61,9,4,13,2.4,2.7,1998-01-01,2000-02-01,2020-03-01,2020-03-01,2020-03-01,2020-03-01,N,WESTERN CONNECTICUT PLANNING REGION,"Bridgeport-Stamford-Danbury, CT",Y,Y,Y
22112024,2211,2024,CT0015900,CT0015900,,N,N,,I,WETHERSFIELD,WETHERSFIELD PD,Wethersfield,,A,8,Connecticut,CT,CT,1,New England,1,Northeast,Region I,City,27073,23359,CTUCR0001,Connecticut State Police Crimes Analysis Unit,Y,8,4,"Cities from 25,000 thru 49,999",4,"Cities from 25,000 thru 49,999",N,8,,Y,42,5,47,4,7,11,1.7,2.1,1998-01-01,2002-06-01,2020-03-01,2020-03-01,2020-03-01,2020-03-01,N,CAPITOL PLANNING REGION,"Hartford-West Hartford-East Hartford, CT",Y,Y,Y
22122024,2212,2024,CT0016100,CT0016100,,N,N,,I,WILTON,WILTON PD,Wilton,,A,8,Connecticut,CT,CT,1,New England,1,Northeast,Region I,City,18398,23359,CTUCR0001,Connecticut State Police Crimes Analysis Unit,Y,9,5,"Cities from 10,000 thru 24,999",5,"Cities from 10,000 thru 24,999",N,9,,Y,34,1,35,5,3,8,2.1,2.3,1998-01-01,2000-07-01,2020-11-01,2020-03-01,2020-11-01,2020-11-01,N,WESTERN CONNECTICUT PLANNING REGION,"Bridgeport-Stamford-Danbury, CT",Y,Y,Y
22132024,2213,2024,CT0016200,CT0016200,,N,N,,I,WINCHESTER,WINSTED PD,Winchester,,A,8,Connecticut,CT,CT,1,New England,1,Northeast,Region I,City,10247,23359,CTUCR0001,Connecticut State Police Crimes Analysis Unit,N,9,5,"Cities from 10,000 thru 24,999",5,"Cities from 10,000 thru 24,999",N,9,,Y,17,1,18,2,2,4,1.9,2.1,1998-01-01,2001-01-01,2020-08-01,2020-03-01,2020-08-01,2020-08-01,N,NORTHWEST HILLS PLANNING REGION,Not Specified,Y,Y,Y
22142024,2214,2024,CT0016300,CT0016300,,N,N,,I,WILLIMANTIC,WILLIMANTIC PD,Willimantic,,A,8,Connecticut,CT,CT,1,New England,1,Northeast,Region I,City,18393,23359,CTUCR0001,Connecticut State Police Crimes Analysis Unit,N,9,5,"Cities from 10,000 thru 24,999",5,"Cities from 10,000 thru 24,999",N,9,,Y,35,3,38,4,6,10,2.1,2.6,1998-01-01,2001-04-01,2020-11-01,2020-03-01,2020-11-01,2020-11-01,N,SOUTHEASTERN CONNECTICUT PLANNING REGION,"Norwich-New London-Willimantic, CT",Y,Y,Y
22152024,2215,2024,CT0016400,CT0016400,,N,N,,I,WINDSOR,WINDSOR PD,Windsor,,A,8,Connecticut,CT,CT,1,New England,1,Northeast,Region I,City,29382,23359,CTUCR0001,Connecticut State Police Crimes Analysis Unit,Y,8,4,"Cities from 25,000 thru 49,999",4,"Cities from 25,000 thru 49,999",N,8,,Y,42,2,44,10,8,18,1.8,2.1,1998-01-01,2002-03-01,2020-12-01,2020-03-01,2020-12-01,2020-12-01,N,CAPITOL PLANNING REGION,"Hartford-West Hartford-East Hartford, CT",Y,Y,Y
22162024,2216,2024,CT0016500,CT0016500,,N,N,,I,WINDSOR LOCKS,WINDSOR LOCKS PD,Windsor Locks,,A,8,Connecticut,CT,CT,1,New England,1,Northeast,Region I,City,12513,23359,CTUCR0001,Connecticut State Police Crimes Analysis Unit,Y,9,5,"Cities from 10,000 thru 24,999",5,"Cities from 10,000 thru 24,999",N,9,,Y,30,5,35,1,5,6,2.5,3.3,1998-01-01,2000-10-01,2021-01-01,2020-03-01,2021-01-01,2021-01-01,N,CAPITOL PLANNING REGION,"Hartford-West Hartford-East Hartford, CT",Y,Y,Y
22172024,2217,2024,CT0016600,CT0016600,,N,N,,I,WOLCOTT,WOLCOTT PD,Wolcott,,A,8,Connecticut,CT,CT,1,New England,1,Northeast,Region I,City,16379,23359,CTUCR0001,Connecticut State Police Crimes Analysis Unit,Y,9,5,"Cities from 10,000 thru 24,999",5,"Cities from 10,000 thru 24,999",N,9,,Y,25,3,28,2,7,9,1.6,2.3,1998-01-01,1998-04-01,2020-08-01,2020-03-01,2020-08-01,2020-08-01,N,NAUGATUCK VALLEY PLANNING REGION,"Waterbury-Shelton, CT",Y,Y,Y
22182024,2218,2024,CT0016700,CT0016700,,N,N,,I,WOODBRIDGE,WOODBRIDGE PD,Woodbridge,,A,8,Connecticut,CT,CT,1,New England,1,Northeast,Region I,City,9010,23359,CTUCR0001,Connecticut State Police Crimes Analysis Unit,Y,10,6,"Cities from 2,500 thru 9,999",6,"Cities from 2,500 thru 9,999",N,10,,Y,20,3,23,0,6,6,2.2,3.2,1998-01-01,1998-01-01,2020-03-01,2020-03-01,2020-03-01,2020-03-01,N,SOUTH CENTRAL CONNECTICUT PLANNING REGION,"New Haven, CT",Y,Y,Y
22202024,2220,2024,CT0017000,CT0017000,,N,N,,I,UNIV OF CT: ALL CAMPUSES,UNIVERSITY OF CONNECTICUT PD STORRS,University of Connecticut:,All Campuses,A,8,Connecticut,CT,CT,1,New England,1,Northeast,Region I,University or College,0,23359,CTUCR0001,Connecticut State Police Crimes Analysis Unit,Y,11,7,"Cities under 2,500",7,"Cities under 2,500",N,11,,Y,66,0,66,11,0,11,0,0,1998-01-01,1998-02-01,2020-12-01,2020-02-01,2020-12-01,2020-12-01,N,CAPITOL PLANNING REGION,"Hartford-West Hartford-East Hartford, CT",Y,Y,Y
22222024,2222,2024,CT0018500,CT0018500,,N,N,,I,METROPLTN TRNSPRTN AUTH,METRO TRANS AUTH PD,Metropolitan Transportation Authority,,A,8,Connecticut,CT,CT,1,New England,1,Northeast,Region I,Other,0,23359,CTUCR0001,Connecticut State Police Crimes Analysis Unit,Y,11,7,"Cities under 2,500",7,"Cities under 2,500",N,11,,Y,36,0,36,7,1,8,0,0,1998-01-01,2020-03-01,2020-04-01,2020-04-01,2020-04-01,2020-04-01,N,WESTERN CONNECTICUT PLANNING REGION,"Bridgeport-Stamford-Danbury, CT",Y,Y,Y
22232024,2223,2024,CT0019000,CT0019000,,N,N,,I,CENTRAL CONNECTICUT ST U,CENTRAL CONN STATE UNIVERSITY NEW BRITAIN,Central Connecticut State University,,A,8,Connecticut,CT,CT,1,New England,1,Northeast,Region I,University or College,0,23359,CTUCR0001,Connecticut State Police Crimes Analysis Unit,Y,11,7,"Cities under 2,500",7,"Cities under 2,500",N,11,,Y,11,3,14,3,5,8,0,0,1998-01-01,1998-05-01,2020-12-01,2020-03-01,2020-12-01,2020-12-01,N,CAPITOL PLANNING REGION,"Hartford-West Hartford-East Hartford, CT",Y,Y,Y
22242024,2224,2024,CT0019100,CT0019100,,N,N,,I,EASTERN CONNECTICUT ST U,EASTERN CONN STATE UNIVERSITY PD WILLIMANTIC,Eastern Connecticut State University,,A,8,Connecticut,CT,CT,1,New England,1,Northeast,Region I,University or College,0,23359,CTUCR0001,Connecticut State Police Crimes Analysis Unit,Y,11,7,"Cities under 2,500",7,"Cities under 2,500",N,11,,Y,8,5,13,5,3,8,0,0,1998-01-01,2005-10-01,2020-08-01,2020-03-01,2020-08-01,2020-08-01,N,SOUTHEASTERN CONNECTICUT PLANNING REGION,"Norwich-New London-Willimantic, CT",Y,Y,Y
22262024,2226,2024,CT0019300,CT0019300,,N,N,,I,WESTERN CONNECTICUT ST U,WESTERN CONNECTICUT STATE COLLEGE PD DANBURY,Western Connecticut State University,,A,8,Connecticut,CT,CT,1,New England,1,Northeast,Region I,University or College,0,23359,CTUCR0001,Connecticut State Police Crimes Analysis Unit,Y,11,7,"Cities under 2,500",7,"Cities under 2,500",N,11,,Y,10,2,12,1,3,4,0,0,1998-01-01,1999-10-01,2020-11-01,2020-02-01,2020-11-01,2020-11-01,N,WESTERN CONNECTICUT PLANNING REGION,"Bridgeport-Stamford-Danbury, CT",Y,Y,Y
22272024,2227,2024,CT0019400,CT0019400,,N,N,,I,SO CONN STATE UNIVERSITY,SOUTHERN CONNECTICUT STATE UNIV PD NEW HAVEN,Southern Connecticut State University,,A,8,Connecticut,CT,CT,1,New England,1,Northeast,Region I,University or College,0,23359,CTUCR0001,Connecticut State Police Crimes Analysis Unit,Y,11,7,"Cities under 2,500",7,"Cities under 2,500",N,11,,Y,16,3,19,5,3,8,0,0,1998-01-01,1999-01-01,2020-08-01,2020-03-01,2020-08-01,2020-08-01,N,SOUTH CENTRAL CONNECTICUT PLANNING REGION,"New Haven, CT",Y,Y,Y
22292024,2229,2024,CT0020000,CT0020000,,N,N,,I,STATE CAPITOL POLICE,CAPITOL POLICE,State Capitol Police,,A,8,Connecticut,CT,CT,1,New England,1,Northeast,Region I,Other State Agency,0,23359,CTUCR0001,Connecticut State Police Crimes Analysis Unit,Y,11,7,"Cities under 2,500",7,"Cities under 2,500",N,11,,Y,27,9,36,3,2,5,0,0,1998-01-01,1998-03-01,2021-01-01,2020-04-01,2021-01-01,2021-01-01,N,CAPITOL PLANNING REGION,"Hartford-West Hartford-East Hartford, CT",Y,Y,Y
22372024,2237,2024,CT00A5900,CT00A5900,,N,N,,I,GROTON TOWN,GROTON TOWN PD,Groton Town,,A,8,Connecticut,CT,CT,1,New England,1,Northeast,Region I,City,27927,23359,CTUCR0001,Connecticut State Police Crimes Analysis Unit,Y,8,4,"Cities from 25,000 thru 49,999",4,"Cities from 25,000 thru 49,999",N,8,,Y,55,8,63,8,12,20,2.3,3.0,1998-01-01,2005-03-01,2020-03-01,2020-03-01,2020-03-01,2020-03-01,N,SOUTHEASTERN CONNECTICUT PLANNING REGION,"Norwich-New London-Willimantic, CT",Y,Y,Y
22382024,2238,2024,CT00B5900,CT00B5900,,N,N,,I,GROTON LONG POINT,GROTON LONG POINT PD,Groton Long Point,,A,8,Connecticut,CT,CT,1,New England,1,Northeast,Region I,City,517,23359,CTUCR0001,Connecticut State Police Crimes Analysis Unit,Y,11,7,"Cities under 2,500",7,"Cities under 2,500",N,11,,Y,5,0,5,0,0,0,9.7,9.7,1998-01-01,2020-08-01,2020-09-01,2020-09-01,2020-09-01,2020-09-01,N,SOUTHEASTERN CONNECTICUT PLANNING REGION,"Norwich-New London-Willimantic, CT",Y,Y,Y
22392024,2239,2024,CTCSP0000,CTCSP0000,,N,N,,I,CONNECTICUT STATE POLICE,CONNECTICUT STATE POLICE,Connecticut State Police,,A,8,Connecticut,CT,CT,1,New England,1,Northeast,Region I,State Police,526490,23359,CTUCR0001,Connecticut State Police Crimes Analysis Unit,N,13,8A,"Non-MSA counties 100,000 or over",8,Non-MSA Counties,Y,13,,Y,844,218,1062,129,265,394,1.8,2.8,1998-01-01,2003-01-01,2020-03-01,2020-03-01,2020-03-01,2020-03-01,N,UNMAPPED COUNTY,Not Specified,Y,Y,Y
22402024,2240,2024,CTDI00200,CTDI00200,,N,N,,I,MASHANTUCKET PEQUOT TRBL,MASHANTUCKET PEQUOT TRIBAL POLICE LEDYARD,Mashantucket Pequot Tribal,,A,8,Connecticut,CT,CT,1,New England,1,Northeast,Region I,Tribal,0,23359,CTUCR0001,Connecticut State Police Crimes Analysis Unit,N,11,7,"Cities under 2,500",7,"Cities under 2,500",N,11,,Y,17,7,24,4,4,8,0,0,1998-01-01,2017-01-01,2021-05-01,2020-02-01,2021-05-01,2021-05-01,N,NOT SPECIFIED,Not Specified,Y,Y,Y
22412024,2241,2024,CTDI00300,CTDI00300,,N,N,,I,MOHEGAN TRIBAL,BUREAU OF INDIAN AFFAIRS,Mohegan Tribal,,A,8,Connecticut,CT,CT,1,New England,1,Northeast,Region I,Tribal,0,23359,CTUCR0001,Connecticut State Police Crimes Analysis Unit,N,11,7,"Cities under 2,500",7,"Cities under 2,500",N,11,,Y,30,4,34,2,5,7,0,0,1998-01-01,2016-02-01,2021-03-01,2020-03-01,2021-03-01,2021-03-01,N,NOT SPECIFIED,Not Specified,Y,Y,Y
225702024,22570,2024,CT0018300,CT0018300,,N,N,,I,DEPT OF ENGERY & ENVIROMENTAL PROTECTION,"DEPT OF ENVIRONMENTAL PROTECTION, HARTFORD",Department of Energy and Environmental Protection,,A,8,Connecticut,CT,CT,1,New England,1,Northeast,Region I,Other State Agency,0,23359,CTUCR0001,Connecticut State Police Crimes Analysis Unit,N,11,7,"Cities under 2,500",7,"Cities under 2,500",N,11,,Y,49,5,54,13,5,18,0,0,1998-01-01,2019-01-01,2019-01-01,2020-03-01,2021-03-01,2021-03-01,N,NOT SPECIFIED,Not Specified,Y,Y,Y
260582024,26058,2024,CT0018000,CT0018000,,N,N,,I,DEPT OF MOTOR VEHICLES,,Department of Motor Vehicles,,A,8,Connecticut,CT,CT,1,New England,1,Northeast,Region I,Other State Agency,0,23359,CTUCR0001,Connecticut State Police Crimes Analysis Unit,N,11,7,"Cities under 2,500",7,"Cities under 2,500",N,11,,Y,43,0,43,7,0,7,0,0,1998-01-01,2016-08-01,,,,,N,NOT SPECIFIED,Not Specified,Y,Y,Y
262032024,26203,2024,CT0007200,CT0007200,,N,N,,I,LEDYARD,,Ledyard,,A,8,Connecticut,CT,CT,1,New England,1,Northeast,Region I,City,15483,23359,CTUCR0001,Connecticut State Police Crimes Analysis Unit,Y,9,5,"Cities from 10,000 thru 24,999",5,"Cities from 10,000 thru 24,999",N,9,,Y,20,3,23,3,7,10,1.5,2.1,1998-01-01,2016-02-01,2021-03-01,2020-03-01,2021-03-01,2021-03-01,N,SOUTHEASTERN CONNECTICUT PLANNING REGION,"Norwich-New London-Willimantic, CT",Y,Y,Y
336772024,33677,2024,CT005049E,CT005049E,,N,N,,I,YALE UNIVERSITY,,Yale University,,A,8,Connecticut,CT,CT,1,New England,1,Northeast,Region I,University or College,0,23359,CTUCR0001,Connecticut State Police Crimes Analysis Unit,Y,11,7,"Cities under 2,500",7,"Cities under 2,500",N,11,,Y,72,5,77,19,13,32,0,0,1998-01-01,2020-09-01,2022-01-01,2022-01-01,2022-01-01,2022-01-01,N,SOUTH CENTRAL CONNECTICUT PLANNING REGION,"New Haven, CT",Y,Y,Y
370412024,37041,2024,CT0060200,CT0060200,,N,N,,I,MONTVILLE,,Montville,,A,8,Connecticut,CT,CT,1,New England,1,Northeast,Region I,City,17730,23359,CTUCR0001,Connecticut State Police Crimes Analysis Unit,Y,9,5,"Cities from 10,000 thru 24,999",5,"Cities from 10,000 thru 24,999",N,9,,Y,25,5,30,4,5,9,1.6,2.2,1998-01-01,2023-01-01,2023-01-01,2023-01-01,2023-01-01,2023-01-01,N,SOUTHEASTERN CONNECTICUT PLANNING REGION,"Norwich-New London-Willimantic, CT",Y,Y,Y
